TYPE_PACKET,FIRST_TIMESTAMP,NO_OF_PACKETS,DEST_IP,SOURCE_IP,TCP_FIN,TCP_SYN,TCP_RST,TCP_PSH,TCP_ACK,TCP_URG,TCP_ECE,TCP_CWR,ETHER_TYPE_AVG,WIRELEN_AVG,IP_OFFSET_AVG,IP_LENGTH_AVG,IP_VER_AVG,IP_HLEN_AVG,IP_TTL_AVG,IP_FLAG_AVG,IP_TYPE_AVG,TCP_OFFSET_AVG,TCP_LENGTH_AVG,TCP_HLEN_AVG,TCP_RESERVE_AVG,TCP_WINDOW_AVG,TCP_URGENT_AVG,PAYLOAD_OFFSET_AVG,PAYLOAD_LENGTH_AVG,ANOMALY_SCORE
TCP,1491774715573,15,192.168.36.8,192.168.36.7,1,3,1,4,14,0,0,0,2048,89,14,20,4,5,64,2,6,34,33,8,0,5990,0,17,0,R2L
TCP,1491774715573,14,192.168.36.7,192.168.36.8,0,3,0,5,12,0,0,0,2048,81,14,20,4,5,64,2,6,34,33,8,0,1398,0,23,0,NORMAL
TCP,1491774719774,2,192.168.36.8,192.168.36.7,0,0,0,1,2,0,0,0,2048,70,14,20,4,5,64,2,6,34,32,8,0,234,0,33,0,R2L
TCP,1491774719774,2,192.168.36.7,192.168.36.8,0,0,0,1,2,0,0,0,2048,547,14,20,4,5,64,2,6,34,32,8,0,183,0,33,0,NORMAL
