TYPE_PACKET,FIRST_TIMESTAMP,NO_OF_PACKETS,DEST_IP,SOURCE_IP,TCP_FIN,TCP_SYN,TCP_RST,TCP_PSH,TCP_ACK,TCP_URG,TCP_ECE,TCP_CWR,ETHER_TYPE_AVG,WIRELEN_AVG,IP_OFFSET_AVG,IP_LENGTH_AVG,IP_VER_AVG,IP_HLEN_AVG,IP_TTL_AVG,IP_FLAG_AVG,IP_TYPE_AVG,TCP_OFFSET_AVG,TCP_LENGTH_AVG,TCP_HLEN_AVG,TCP_RESERVE_AVG,TCP_WINDOW_AVG,TCP_URGENT_AVG,PAYLOAD_OFFSET_AVG,PAYLOAD_LENGTH_AVG,ANOMALY_SCORE
TCP,1491770692246,14,192.168.36.8,192.168.36.7,0,3,1,3,13,0,0,0,2048,80,14,20,4,5,64,2,6,34,33,8,0,6404,0,14,0,R2L
TCP,1491770692246,14,192.168.36.7,192.168.36.8,0,3,0,6,12,0,0,0,2048,94,14,20,4,5,64,2,6,34,33,8,0,1396,0,28,0,NORMAL
UDP,1491770692247,1,192.168.1.1,192.168.36.8,0,0,0,0,0,0,0,0,2048,85,14,20,4,5,64,2,17,34,51,8,0,0,0,42,0,NORMAL
UDP,1491770692254,1,192.168.36.8,192.168.1.1,0,0,0,0,0,0,0,0,2048,85,14,20,4,5,255,0,17,34,51,8,0,0,0,42,0,NORMAL
