TYPE_PACKET,FIRST_TIMESTAMP,NO_OF_PACKETS,DEST_IP,SOURCE_IP,TCP_FIN,TCP_SYN,TCP_RST,TCP_PSH,TCP_ACK,TCP_URG,TCP_ECE,TCP_CWR,ETHER_TYPE_AVG,WIRELEN_AVG,IP_OFFSET_AVG,IP_LENGTH_AVG,IP_VER_AVG,IP_HLEN_AVG,IP_TTL_AVG,IP_FLAG_AVG,IP_TYPE_AVG,TCP_OFFSET_AVG,TCP_LENGTH_AVG,TCP_HLEN_AVG,TCP_RESERVE_AVG,TCP_WINDOW_AVG,TCP_URGENT_AVG,PAYLOAD_OFFSET_AVG,PAYLOAD_LENGTH_AVG,ANOMALY_SCORE
TCP,1491763618583,13,192.168.36.8,192.168.36.7,0,3,0,5,10,0,0,0,2048,73,14,20,4,5,64,2,6,34,33,8,0,6914,0,25,0,R2L
OTHER,1491763618593,2,0,0,0,0,0,0,0,0,0,0,0,51,0,0,0,0,0,0,0,0,0,0,0,0,0,0,0,NORMAL
TCP,1491763618593,12,192.168.36.7,192.168.36.8,0,2,1,4,12,0,0,0,2048,74,14,20,4,5,64,2,6,34,32,8,0,1101,0,22,0,NORMAL
TCP,1491763622683,1,192.168.36.8,192.168.36.7,1,0,0,0,1,0,0,0,2048,66,14,20,4,5,64,2,6,34,32,8,0,229,0,0,0,R2L
TCP,1491763622722,1,192.168.36.7,192.168.36.8,0,0,0,0,1,0,0,0,2048,66,14,20,4,5,64,2,6,34,32,8,0,181,0,0,0,NORMAL
