TYPE_PACKET,FIRST_TIMESTAMP,NO_OF_PACKETS,DEST_IP,SOURCE_IP,TCP_FIN,TCP_SYN,TCP_RST,TCP_PSH,TCP_ACK,TCP_URG,TCP_ECE,TCP_CWR,ETHER_TYPE_AVG,WIRELEN_AVG,IP_OFFSET_AVG,IP_LENGTH_AVG,IP_VER_AVG,IP_HLEN_AVG,IP_TTL_AVG,IP_FLAG_AVG,IP_TYPE_AVG,TCP_OFFSET_AVG,TCP_LENGTH_AVG,TCP_HLEN_AVG,TCP_RESERVE_AVG,TCP_WINDOW_AVG,TCP_URGENT_AVG,PAYLOAD_OFFSET_AVG,PAYLOAD_LENGTH_AVG,ANOMALY_SCORE
UDP,1491800909011,1,255.255.255.255,192.168.36.3,0,0,0,0,0,0,0,0,2048,590,14,20,4,5,255,0,17,34,556,8,0,0,0,42,0,NORMAL
TCP,1491800910304,11,192.168.36.8,192.168.36.7,1,1,0,5,10,0,0,0,2048,107,14,20,4,5,64,2,6,34,32,8,0,2868,0,30,0,R2L
OTHER,1491800910307,2,0,0,0,0,0,0,0,0,0,0,0,51,0,0,0,0,0,0,0,0,0,0,0,0,0,0,0,NORMAL
TCP,1491800910308,8,192.168.36.7,192.168.36.8,1,1,0,5,8,0,0,0,2048,114,14,20,4,5,64,2,6,34,33,8,0,882,0,41,0,NORMAL
